{
  "enterprise": {
    "collaborator": {
      "USD": {
        "2": 252,
        "3": 376,
        "4": 495,
        "5": 615,
        "10": 1170,
        "20": 2160,
        "50": 4950
      },
      "EUR": {
        "2": 235,
        "3": 352,
        "4": 468,
        "5": 584,
        "10": 1090,
        "20": 2015,
        "50": 4620
      },
      "GBP": {
        "2": 198,
        "3": 296,
        "4": 394,
        "5": 492,
        "10": 935,
        "20": 1730,
        "50": 3960
      }
    },
    "professional": {
      "USD": {
        "2": 504,
        "3": 752,
        "4": 990,
        "5": 1230,
        "10": 2340,
        "20": 4320,
        "50": 9900
      },
      "EUR": {
        "2": 470,
        "3": 704,
        "4": 936,
        "5": 1168,
        "10": 2185,
        "20": 4030,
        "50": 9240
      },
      "GBP": {
        "2": 396,
        "3": 592,
        "4": 788,
        "5": 984,
        "10": 1870,
        "20": 3455,
        "50": 7920
      }
    }
  },
  "educational": {
    "collaborator": {
      "USD": {
        "2": 252,
        "3": 376,
        "4": 495,
        "5": 615,
        "10": 695,
        "20": 1295,
        "50": 2970
      },
      "EUR": {
        "2": 235,
        "3": 352,
        "4": 468,
        "5": 584,
        "10": 655,
        "20": 1210,
        "50": 2770
      },
      "GBP": {
        "2": 198,
        "3": 296,
        "4": 394,
        "5": 492,
        "10": 560,
        "20": 1035,
        "50": 2375
      }
    },
    "professional": {
      "USD": {
        "2": 504,
        "3": 752,
        "4": 990,
        "5": 1230,
        "10": 1390,
        "20": 2590,
        "50": 5940
      },
      "EUR": {
        "2": 470,
        "3": 704,
        "4": 936,
        "5": 1168,
        "10": 1310,
        "20": 2420,
        "50": 5545
      },
      "GBP": {
        "2": 396,
        "3": 592,
        "4": 788,
        "5": 984,
        "10": 1125,
        "20": 2075,
        "50": 4750
      }
    }
  }
}