{
  "access_your_projects_with_git": "",
  "account_not_linked_to_dropbox": "",
  "account_settings": "",
  "add_files": "",
  "also": "",
  "anyone_with_link_can_edit": "",
  "anyone_with_link_can_view": "",
  "ask_proj_owner_to_upgrade_for_git_bridge": "",
  "ask_proj_owner_to_upgrade_for_longer_compiles": "",
  "auto_compile": "",
  "autocompile_disabled": "",
  "autocompile_disabled_reason": "",
  "autocomplete": "",
  "autocomplete_references": "",
  "back_to_your_projects": "",
  "beta_badge_tooltip": "",
  "blocked_filename": "",
  "can_edit": "",
  "cancel": "",
  "cannot_invite_non_user": "",
  "cannot_invite_self": "",
  "cannot_verify_user_not_robot": "",
  "category_arrows": "",
  "category_greek": "",
  "category_misc": "",
  "category_operators": "",
  "category_relations": "",
  "change_or_cancel-cancel": "",
  "change_or_cancel-change": "",
  "change_or_cancel-or": "",
  "change_owner": "",
  "change_project_owner": "",
  "chat": "",
  "chat_error": "",
  "checking_dropbox_status": "",
  "checking_project_github_status": "",
  "clear_cached_files": "",
  "clone_with_git": "",
  "close": "",
  "clsi_maintenance": "",
  "clsi_unavailable": "",
  "code_check_failed": "",
  "code_check_failed_explanation": "",
  "collaborate_online_and_offline": "",
  "collabs_per_proj": "",
  "collapse": "",
  "commit": "",
  "common": "",
  "compile_error_description": "",
  "compile_error_entry_description": "",
  "compile_larger_projects": "",
  "compile_mode": "",
  "compile_terminated_by_user": "",
  "compiling": "",
  "conflicting_paths_found": "",
  "connected_users": "",
  "continue_github_merge": "",
  "copy": "",
  "copy_project": "",
  "copying": "",
  "create": "",
  "create_project_in_github": "",
  "creating": "",
  "delete": "",
  "deleting": "",
  "demonstrating_git_integration": "",
  "description": "",
  "dismiss": "",
  "dismiss_error_popup": "",
  "done": "",
  "download": "",
  "download_pdf": "",
  "drag_here": "",
  "dropbox_for_link_share_projs": "",
  "dropbox_sync": "",
  "duplicate_file": "",
  "easily_manage_your_project_files_everywhere": "",
  "editing": "",
  "error": "",
  "expand": "",
  "export_project_to_github": "",
  "fast": "",
  "file_already_exists": "",
  "file_already_exists_in_this_location": "",
  "file_name": "",
  "file_name_in_this_project": "",
  "file_outline": "",
  "files_cannot_include_invalid_characters": "",
  "find_out_more_about_latex_symbols": "",
  "find_out_more_about_the_file_outline": "",
  "first_error_popup_label": "",
  "following_paths_conflict": "",
  "free_accounts_have_timeout_upgrade_to_increase": "",
  "from_another_project": "",
  "from_external_url": "",
  "from_provider": "",
  "full_doc_history": "",
  "full_screen": "",
  "generic_linked_file_compile_error": "",
  "generic_something_went_wrong": "",
  "get_collaborative_benefits": "",
  "git_bridge_modal_description": "",
  "github_commit_message_placeholder": "",
  "github_credentials_expired": "",
  "github_file_name_error": "",
  "github_for_link_shared_projects": "",
  "github_large_files_error": "",
  "github_merge_failed": "",
  "github_private_description": "",
  "github_public_description": "",
  "github_repository_diverged": "",
  "github_symlink_error": "",
  "github_sync": "",
  "github_sync_error": "",
  "github_sync_repository_not_found_description": "",
  "github_timeout_error": "",
  "github_too_many_files_error": "",
  "github_validation_check": "",
  "give_feedback": "",
  "go_next_page": "",
  "go_page": "",
  "go_prev_page": "",
  "go_to_error_location": "",
  "have_an_extra_backup": "",
  "headers": "",
  "hide_outline": "",
  "history": "",
  "hotkey_add_a_comment": "",
  "hotkey_autocomplete_menu": "",
  "hotkey_beginning_of_document": "",
  "hotkey_bold_text": "",
  "hotkey_compile": "",
  "hotkey_delete_current_line": "",
  "hotkey_end_of_document": "",
  "hotkey_find_and_replace": "",
  "hotkey_go_to_line": "",
  "hotkey_indent_selection": "",
  "hotkey_insert_candidate": "",
  "hotkey_italic_text": "",
  "hotkey_redo": "",
  "hotkey_search_references": "",
  "hotkey_select_all": "",
  "hotkey_select_candidate": "",
  "hotkey_to_lowercase": "",
  "hotkey_to_uppercase": "",
  "hotkey_toggle_comment": "",
  "hotkey_toggle_review_panel": "",
  "hotkey_toggle_track_changes": "",
  "hotkey_undo": "",
  "hotkeys": "",
  "if_error_persists_try_relinking_provider": "",
  "ignore_validation_errors": "",
  "imported_from_another_project_at_date": "",
  "imported_from_external_provider_at_date": "",
  "imported_from_mendeley_at_date": "",
  "imported_from_the_output_of_another_project_at_date": "",
  "imported_from_zotero_at_date": "",
  "importing_and_merging_changes_in_github": "",
  "invalid_email": "",
  "invalid_file_name": "",
  "invalid_filename": "",
  "invalid_request": "",
  "invite_not_accepted": "",
  "learn_how_to_make_documents_compile_quickly": "",
  "learn_more_about_link_sharing": "",
  "link_sharing_is_off": "",
  "link_sharing_is_on": "",
  "link_to_github": "",
  "link_to_github_description": "",
  "link_to_mendeley": "",
  "link_to_zotero": "",
  "linked_file": "",
  "loading": "",
  "loading_recent_github_commits": "",
  "log_entry_description": "",
  "log_hint_extra_info": "",
  "logs_pane_info_message": "",
  "logs_pane_info_message_popup": "",
  "main_file_not_found": "",
  "make_private": "",
  "manage_files_from_your_dropbox_folder": "",
  "math_display": "",
  "math_inline": "",
  "maximum_files_uploaded_together": "",
  "mendeley_groups_loading_error": "",
  "mendeley_is_premium": "",
  "mendeley_reference_loading_error": "",
  "mendeley_reference_loading_error_expired": "",
  "mendeley_reference_loading_error_forbidden": "",
  "mendeley_sync_description": "",
  "menu": "",
  "n_errors": "",
  "n_errors_plural": "",
  "n_items": "",
  "n_items_plural": "",
  "n_warnings": "",
  "n_warnings_plural": "",
  "navigate_log_source": "",
  "navigation": "",
  "need_to_upgrade_for_more_collabs": "",
  "new_file": "",
  "new_folder": "",
  "new_name": "",
  "no_messages": "",
  "no_new_commits_in_github": "",
  "no_other_projects_found": "",
  "no_pdf_error_explanation": "",
  "no_pdf_error_reason_no_content": "",
  "no_pdf_error_reason_output_pdf_already_exists": "",
  "no_pdf_error_reason_unrecoverable_error": "",
  "no_pdf_error_title": "",
  "no_preview_available": "",
  "no_search_results": "",
  "no_symbols_found": "",
  "showing_symbol_search_results": "",
  "normal": "",
  "off": "",
  "ok": "",
  "on": "",
  "optional": "",
  "or": "",
  "other_logs_and_files": "",
  "other_output_files": "",
  "owner": "",
  "page_current": "",
  "pagination_navigation": "",
  "pdf_compile_in_progress_error": "",
  "pdf_compile_rate_limit_hit": "",
  "pdf_compile_try_again": "",
  "pdf_rendering_error": "",
  "please_compile_pdf_before_download": "",
  "please_refresh": "",
  "please_select_a_file": "",
  "please_select_a_project": "",
  "please_select_an_output_file": "",
  "please_set_main_file": "",
  "plus_upgraded_accounts_receive": "",
  "private": "",
  "processing": "",
  "proj_timed_out_reason": "",
  "project_approaching_file_limit": "",
  "project_flagged_too_many_compiles": "",
  "project_has_too_many_files": "",
  "project_not_linked_to_github": "",
  "project_ownership_transfer_confirmation_1": "",
  "project_ownership_transfer_confirmation_2": "",
  "project_synced_with_git_repo_at": "",
  "project_too_large": "",
  "project_too_large_please_reduce": "",
  "project_too_much_editable_text": "",
  "public": "",
  "pull_github_changes_into_sharelatex": "",
  "push_sharelatex_changes_to_github": "",
  "raw_logs": "",
  "raw_logs_description": "",
  "read_only": "",
  "reauthorize_github_account": "",
  "recent_commits_in_github": "",
  "recompile": "",
  "recompile_from_scratch": "",
  "reconnect": "",
  "reference_error_relink_hint": "",
  "refresh": "",
  "refresh_page_after_linking_dropbox": "",
  "refresh_page_after_starting_free_trial": "",
  "refreshing": "",
  "remote_service_error": "",
  "remove": "",
  "remove_collaborator": "",
  "rename": "",
  "repository_name": "",
  "resend": "",
  "review": "",
  "revoke": "",
  "revoke_invite": "",
  "run_syntax_check_now": "",
  "search": "",
  "select_a_file": "",
  "select_a_project": "",
  "select_an_output_file": "",
  "select_from_output_files": "",
  "select_from_source_files": "",
  "select_from_your_computer": "",
  "send_first_message": "",
  "server_error": "",
  "session_error": "",
  "session_expired_redirecting_to_login": "",
  "share": "",
  "share_project": "",
  "share_with_your_collabs": "",
  "show_outline": "",
  "something_went_wrong_rendering_pdf": "",
  "something_went_wrong_server": "",
  "somthing_went_wrong_compiling": "",
  "split_screen": "",
  "start_free_trial": "",
  "stop_compile": "",
  "stop_on_validation_error": "",
  "store_your_work": "",
  "submit_title": "",
  "sure_you_want_to_delete": "",
  "sync_project_to_github_explanation": "",
  "sync_to_dropbox": "",
  "sync_to_github": "",
  "terminated": "",
  "this_project_is_public": "",
  "this_project_is_public_read_only": "",
  "this_project_will_appear_in_your_dropbox_folder_at": "",
  "timedout": "",
  "to_add_more_collaborators": "",
  "to_change_access_permissions": "",
  "toggle_compile_options_menu": "",
  "toggle_output_files_list": "",
  "too_many_attempts": "",
  "too_many_files_uploaded_throttled_short_period": "",
  "too_many_requests": "",
  "too_recently_compiled": "",
  "total_words": "",
  "try_it_for_free": "",
  "turn_off_link_sharing": "",
  "turn_on_link_sharing": "",
  "unlimited_projects": "",
  "unlink_github_repository": "",
  "unlinking": "",
  "update_dropbox_settings": "",
  "upgrade": "",
  "upgrade_for_longer_compiles": "",
  "upload": "",
  "url_to_fetch_the_file_from": "",
  "use_your_own_machine": "",
  "validation_issue_description": "",
  "validation_issue_entry_description": "",
  "view_error": "",
  "view_error_plural": "",
  "view_logs": "",
  "view_pdf": "",
  "view_warning": "",
  "view_warning_plural": "",
  "we_cant_find_any_sections_or_subsections_in_this_file": "",
  "word_count": "",
  "work_offline": "",
  "work_with_non_overleaf_users": "",
  "your_message": "",
  "your_project_has_an_error": "",
  "your_project_has_an_error_plural": "",
  "zotero_groups_loading_error": "",
  "zotero_is_premium": "",
  "zotero_reference_loading_error": "",
  "zotero_reference_loading_error_expired": "",
  "zotero_reference_loading_error_forbidden": "",
  "zotero_sync_description": ""
}
